headword,Hotovo,CEFR,Translation,Grammar,Grammar description,Topic ,Labels,Definition ,Example I,Example II,Example III,Collocations,Learner errors,SKELL,Online Reference Book ,Comments 
adresa,ano,A1,address ,noun,feminine,housing; basics,Asg-Lsg-Nsg,"informace o tom, kde bydlíme, typicky ulice a číslo domu ",Motivační dopis a životopis posílejte na uvedenou *adresu*. ,"Další informace najdete na internetu nebo na *adrese* Nakladatelství Paseka , obchodní oddělení Chopinova 4 , 120 00.",Jaká je vaše kontaktní *adresa* a telefon? ,-,-,https://csskell.sketchengine.co.uk/run.cgi/concordance?lpos=&query=adresa,http://prirucka.ujc.cas.cz/?slovo=adresa,
alergie,ano,A2,alergy,noun,feminine,health problems,Nsg-Asg-Gsg,"imunologická reakce organismu například na jídlo, na květiny",Je to jenom sezonní *alergie* na pyl.  ,Mám *alergii* na kočky. ,Typický symptom *alergie* je rýma. ,-,#Nemám žádnou alergie.# = Nemám žádnou alergii. ,https://csskell.sketchengine.co.uk//run.cgi/concordance?lpos=&query=alergie,http://prirucka.ujc.cas.cz/?slovo=alergie,
auto,ano,A1,car,noun,neutrum ,travelling  ,Gsg-Asg-Nsg,"dopravní prostředek, který má 4 kola a který má vlastní motor ",Dívám se z *auta* a vidím řeku. ,"Nesmíš pít alkohol, když řídíš *auto*. ",To *auto* je malé. ,-,-,https://csskell.sketchengine.co.uk/run.cgi/concordance?lpos=&query=auto,http://prirucka.ujc.cas.cz/?slovo=auto,Chybí typický instrumentál jako v učebnici.
autobus,ano,A1,bus,noun,maskuline,travelling  ,Gsg-Nsg-Isg,"velký a dlouhý dopravní prostředek, který je pro hodně lidí  ",Bydlím blízko zastávky *autobusu* č. 44.,V kolik hodin jede *autobus* do Prahy? ,Obvykle jezdí do práce *autobusem*. ,-,,https://csskell.sketchengine.co.uk/run.cgi/concordance?lpos=&query=autobus,http://prirucka.ujc.cas.cz/?slovo=autobus,
březen,ano,A1,March,noun,maskuline,time expressions,Gsg-Lsg-Nsg,"třetí měsíc, (3.)",Osmého *března* slavníme Mezinárodní den žen.,Mám narozeniny v *březnu*. ,"Líbí se mi *březen*, protože začíná jaro.",-,-,https://csskell.sketchengine.co.uk/run.cgi/concordance?lpos=&query=březen,http://prirucka.ujc.cas.cz/?slovo=březen,
brigáda,ano,A2,student job,noun,feminine,jobs,Gsg-Asg-Nsg,studentská práce,Mám pracovní zkušenosti jenom z *brigády*. ,Po maturitě budu hledat *brigádu.* Nevíte o něčem? ,Byla to studentská *brigáda* na léto.,-,-,https://csskell.sketchengine.co.uk/run.cgi/concordance?lpos=&query=brigáda,http://prirucka.ujc.cas.cz/?slovo=brigáda,
byt,ano,A1,flat ,noun,makuline,housing ,Gsg-Lsg-Asg,set místností k individuálnímu housing,Dveře *bytu* byly zavřené. Přestěhovali jsme se do nového *bytu.* Každé ráno odchází z *bytu* v osm hodin ráno.,Bydlím v *bytě* v centru. Chtěla bych bydlet v *bytě* s terasou.,Mají malý *byt*. Chtějí koupit *byt*.,jednopokojový byt; dvoupokojový byt,-,https://csskell.sketchengine.co.uk//run.cgi/concordance?lpos=&query=byt,https://prirucka.ujc.cas.cz/?slovo=byt,
být1,,A1,to be,verb,-,basics; grammar,-,"1. existovat, 2. pomocné (=auxiliery) sloveso ",,,,,,https://csskell.sketchengine.co.uk/run.cgi/concordance?lpos=&query=být,http://prirucka.ujc.cas.cz/?slovo=být,
být z ,ano,A1,to come from,phrase,verb + preposition,basics; geography ,-,"být originálně z nějakého místa, pocházet odněkud",Odkud jste? *Jsem z* České republiky. A vy? ,Odkud jsi? *Jsem z* Ukrajiny. A ty? ,Odkud je? *Je z* USA. ,-,Petr je #s# Kypru. = Petr je z Kypru. ,https://csskell.sketchengine.co.uk/run.cgi/concordance?lpos=&query=být+z,-,
červen,ano,A1,June,noun,maskuline,time expressions,Gsg-Lsg-Nsg,"šestý měsíc, (6.)",Dvacátého třetího *června* začíná léto. ,Mám narozeniny v *červnu*.,"Líbí se mi *červen*, protože je teplo.",-,-,https://csskell.sketchengine.co.uk/run.cgi/concordance?lpos=&query=červen,http://prirucka.ujc.cas.cz/?slovo=červen,
červenec,ano,A1,July,noun,maskuline,time expressions,Gsg-Lsg-Nsg,"sedmý měsíc, (7.)",Pátého a šestého *července* jsou státní svátky. ,Mám narozeniny v *červenci*. ,"Líbí se mi *červenec*, protože jsou prázdniny.",-,-,https://csskell.sketchengine.co.uk/run.cgi/concordance?lpos=&query=červenec,http://prirucka.ujc.cas.cz/?slovo=červenec,
čas,ano,A1,time,noun,maskuline,time expressions,Asg-Gsg-Nsg,"doba, kterou můžeme měřit na sekundy, minuty, hodiny ...",Milena nemá *čas* nakupovat. Jednou za *čas* bychom měli dát peníze na charitu.  ,Kolik *času* trávíš každý den na internetu? Našel jsem si dnes chvilku *času* na studies. ,*Čas* letí. Od příští soboty začíná platit letní *čas*.,mít čas; trávit čas; volný čas; čas od času; ztráta času; málo času ,-,https://csskell.sketchengine.co.uk/run.cgi/concordance?lpos=&query=%C4%8Das,https://prirucka.ujc.cas.cz/?slovo=%C4%8Das,
Česká republika,ano,A1,Czech rebublic,phrase,Adj + noun,localities; geography; travelling; proprium ,Lsg-Gsg-Nsg,"stát uprostřed Evropy, který má hranici s Německem, Polskem, Rakouskem a Slovenskem",Teď žiju v *České republice.* Mám tetu v *České republice.*,Zařizuje si vízum do *České republiky.*,*Česká republika* je v Evropské unii od roku 2014.,,"Česká #Republika#, Česká #respublika#= Česká republika",https://csskell.sketchengine.co.uk/run.cgi/concordance?lpos=&query=česká+republika,http://prirucka.ujc.cas.cz/?slovo=%C4%8Desk%C3%A1+republika,Very often abreviated to Czech Republic.
Česko,ano,A1,Czechia,noun,neutrum,localities; geography; travelling; proprium ,Lsg-Nsg-Gsg,"Česká republika, oficiální jednoslovný název",Film bude mít premiéru v *Česku* v listopadu. U nás v *Česku* jsme o tom ještě neslyšeli. ,"Na šampionátu bylo *Česko*, Slovensko a Polsko. *Česko* nemá moře.",Do *Česka* přijel z Kazachstánu. V supermarketu prodávají produkty z *Česka*.,v Česku; z Česka; do Česka,-,https://csskell.sketchengine.co.uk/run.cgi/wordsketch?lpos=&query=%C4%8Cesko,https://prirucka.ujc.cas.cz/?slovo=%C4%8Desko,
číslo,ano,A1,number,noun,neutrum,basics; people ,Asg-Nsg-Gsg,"numerická informace, jedna, dva, tři ... ",Můžete mi dát vaše telefonní *číslo*? ,"Nevíš, jaké *číslo* telefonu má Eva?",Formát *čísla* musí být +420 XXX XXX XXX.,telefonní číslo,-,https://csskell.sketchengine.co.uk/run.cgi/concordance?lpos=&query=číslo,http://prirucka.ujc.cas.cz/?slovo=číslo,SYN a Aranea se liší GplXGsg
člověk,ano,A1,man,noun,maskuline,basics,Npl-Gpl-Nsg,1. lidská bytost(=being) 2. muž 3. někdo,"Na fotografii jsou *lidé*, které znám.",U doktora bylo hodně *lidí*. ,Petr je šťastný *člověk*! ,hodně lidí ,Na obrázku jsou tři #človeky#. = Na obrázku jsou tři lidé. ,https://csskell.sketchengine.co.uk/run.cgi/concordance?lpos=&query=člověk,http://prirucka.ujc.cas.cz/?slovo=člověk,You can hear people saying lidi insted of lidé. Both are possible to use. 
hodně lidí ,,,a lot of people,phrase,-,-,,,,,,,,,,
den,ano,A1,day,noun,maskuline,time expressions,Asg-Gsg-Gpl,"24 hodin, od rána do večera  ",Byl jsem celý *den* doma. ,"Během *dne* pracuju, v noci odpočívám. ",Byli už několik *dní* nervózní. ,Dobrý den; každý den; celý den; pracovní den; všední den,-,https://csskell.sketchengine.co.uk//run.cgi/concordance?lpos=&query=den,http://prirucka.ujc.cas.cz/?slovo=den,
dítě,ano,A1,child,noun,neutrum,rodina; people ,Apl-Npl-Gpl,"člověk, který není dospělý ",Je vdaná a má dvě *děti*. ,"Malé *děti* - malé problémy, velké *děti* - velké problémy. ",Ve škole je asi dvě stě *dětí*.,-,Budou mít svatbu a budou mít #dětí#. = Budou mít svatbu a budou mít děti. ,https://csskell.sketchengine.co.uk/run.cgi/concordance?lpos=&query=dítě,http://prirucka.ujc.cas.cz/?slovo=dítě,
divadlo,ano,A1,theatre,noun,neutrum,localities,Gsg-Nsg-Lsg,"místo, kde můžeme vidět divadlení hru",Rádi chodí na koncerty nebo do *divadla*. ,"Nevíte, kde je tady *divadlo*? ",Lucie je herečka. Žije v Praze a hraje v *divadle*. ,-,-,https://csskell.sketchengine.co.uk/run.cgi/concordance?lpos=&query=divadlo,http://prirucka.ujc.cas.cz/?slovo=divadlo,
Národní divadlo,ano,A2,National theatre,phrase,Adj + noun,localities; travelling ,Gsg-Nsg-Lsg,"reprezentativní divadlo České republiky, symbol české kultury a národní identity, Národní divadlo je v Praze, v Brně a Ostravě",Vedle Národního *divadla* je řeka Vltava.,Kde je Národní *divadlo*? ,Nedříve hrála v Národním *divadle* v Praze. ,-,-,https://csskell.sketchengine.co.uk/run.cgi/concordance?lpos=&query=n%C3%A1rodn%C3%AD+divadlo,http://prirucka.ujc.cas.cz/?slovo=divadlo,
dobré ráno,ano,A1,Good morning! ,phrase,Adj + noun,basics,-,"pozdrav v první fázi dne, od 5:00 do 10:00",*Dobré ráno!*,,,-,-,https://csskell.sketchengine.co.uk/run.cgi/concordance?lpos=&query=dobré+ráno,-,
dobrý den,ano,A1,"Hello, Good day",phrase,Adj + noun,basics ,-,formální univerzální pozdrav ,"*Dobrý den*, pane doktore!","*Dobrý den*, paní učitelko!","*Dobrý den*, jak se máte?",-,#Dobry den!# = Dobrý den!,https://csskell.sketchengine.co.uk//run.cgi/concordance?lpos=&query=dobr%C3%BD+den,-,
dobrý večer,ano,A1,Good evening! ,phrase,Adj + noun,basics,-,"formální pozdrav v pozdější fázi dne, od 18 do 24 hodin ",*Dobrý večer*!,"*Dobrý večer*, pane Novotný. ","*Dobrý večer*,paní Tomanová. ",-,-,https://csskell.sketchengine.co.uk/run.cgi/concordance?lpos=&query=dobrý+večer,-,
dr.,ano,A2,doctor (title),abbreviation,noun,grammar,-,"doktor nebo doktorka, muž nebo žena, kteří mají titul doktor ","Dr. mi řekla, že další vitamíny nepotřebuju. ",Dr. Edvard Beneš mluvil šesti jazyky. ,-,-,-,-,https://prirucka.ujc.cas.cz/?id=dr.&ref=Dr.,
doktor,ano,A1,doctor (male),noun,maskuline,people; práce; health problems,Nsg-Gsg-Vsg,"muž, který pracuje v nemocnici nebo v ordinaci, vystudoval medicínu a má titul MUDr.","A pak mi *doktor* řekl, že jsem nemocný.  Jak se jmenuje váš *doktor*?",Byl jsem dnes u *doktora*. Jdu domů od *doktora*.,"Dobrý den, pane *doktore*, chtěl bych se zeptat na jeden problém. ",pan doktor; u doktora; od doktora,-,https://csskell.sketchengine.co.uk/run.cgi/concordance?lpos=&query=doktor,https://prirucka.ujc.cas.cz/?slovo=doktor,Malý výskyt typické učebnicové konstrukce k doktorovi.
doktorka,ano,A1,doctor (female),noun,feminine,people; jobs; health problems,Nsg-Vsg-Gsg,"žena, která pracuje v nemocnici nebo v oridnaci, vystudovala medicínu a má titul MUDr. ",Pracuju jako *doktorka*. ,"Paní *doktorko*, myslíte si, že je to chřipka?",Ordinace paní *doktorky* byla na konci ulice.,paní doktorka,-,https://csskell.sketchengine.co.uk/run.cgi/concordance?lpos=&query=doktorka,https://prirucka.ujc.cas.cz/?id=doktorka&ref=doktor,
dopravní prostředek,,A2,mean of transport,phrase,Adj + noun,travelling  ,,"všechno, co používáme, když cestujeme, například letadlo, kolo, auto, autobus ",,,,,,https://csskell.sketchengine.co.uk/run.cgi/concordance?lpos=&query=dopravní+prostředek,-,
dovolená ,ano,A1,"holiday, vacation",noun,feminine,jobs; travelling ; time expressions,Asg-Lsg-Gsg,"čas, kdy nepracujeme  a odpočíváme nebo cestujeme ",Kam jezdíte na *dovolenou*? ,Byl jsem tam minulý rok na *dovolené*. ,Vzal jsem si dva týdny *dovolené*. ,,,https://csskell.sketchengine.co.uk/run.cgi/concordance?lpos=&query=dovolená,http://prirucka.ujc.cas.cz/?slovo=dovolená,
mateřská dovolená,,A2,mathernity leave,phrase,adj + noun,jobs; time expressions,,"čas, kdy žena nepracuje, protože je doma s dítětem",,,,,,,,
duben,ano,A1,April,noun,maskuline,time expressions,Gsg-Lsg-Nsg,"čtvrtý měsíc, (4.)",Prvního *dubna* je Apríl. ,Mám narozeniny v *dubnu*.,Líbí se mi *duben*,-,-,https://csskell.sketchengine.co.uk/run.cgi/concordance?lpos=&query=duben,http://prirucka.ujc.cas.cz/?slovo=duben,
dům,ano,A1,house,noun,maskuline,housing,Gsg-Lsg-Asg,"1. budova, kde bydlíme 2. univerzální slovo pro všechny budovy",Vedle mého *domu* je supermarket.,V našem *domě* není výtah.,Vidíš ten velký *dům*? ,obchodní dům; Bílý dům; rodinný dům,Na ulici jsou dva #důmy#.= Na ulici jsou dva domy.,https://csskell.sketchengine.co.uk/run.cgi/concordance?lpos=&query=dům,http://prirucka.ujc.cas.cz/?slovo=dům,
obchodní dům,,,shopping mall,phrase,adj + noun,localities,,"komplex obchodů, kde můžeme nakupovat oblečení, potraviny, elektro, květiny, dekorace ",Jdu do *obchodního domu*. ,Jana a Helena jsou v *obchodním domě* a nakupují oblečení. ,,,,,,
rodinný dům,,,family house,phrase,adj+noun,housing; localities,,"dům, ve kterém může bydlet celá rodina",,,Pronajmu zařízený *rodinný dům*.,,,,,
Bílý dům,,,White house,phrase,adj+noun,localities; travelling ; geography,,"dům ve Washingtonu, kde má kancelář americký prezident",,,,,,,,
být doma,,,to be at home,phrase,verb + adverb,housing; localities,,"jsme tam, kde bydlíme ",Včera večer jsem byla *doma.*,Nikdo není *doma*.,Dopoledne jsem *doma* a učím se.,,,,,
jet domů,,,to go home,phrase,verb + adverb,housing; localities,,"jedeme tam, kde bydlíme",,,,,,,,
jít domů,,,to go/walk home,phrase,verb+adverb,housing; localities,,"jdeme tam, kde bydlíme",Už musím jít *domů*.,Včera jsem přišel *domů* pozdě. ,Jedu z práce *domů* v pět hodin. ,,,,,
hlavní město,,,capital city,phrase,Adj + noun,basics; geography ,,"město, které je velké a kde jsou důležité instituace pro stát",,,,,"Praha je #hlavné# město. Víš, že to je #hlavně# město?= Praha je hlavní město. Víš, že to je hlavní město.",https://csskell.sketchengine.co.uk/run.cgi/concordance?lpos=&query=hlavní+město,-,
hlavní nádraží,,,main station,phrase,Adj + noun,localities; travelling ,,"nádraží, které je centrální pro všechny vlaky nebo autobusy ",,,,,,https://csskell.sketchengine.co.uk/run.cgi/concordance?lpos=&query=hlavní+nádraží,-,
hodina,ano,A1,hour,noun,feminine,time expressions; basics,Gpl-Asg-Apl,60 minut,"Nevíš, kolik je *hodin*? Obvykle večeříme v sedm *hodin*.",Auto jelo 150 kilometrů za *hodinu*. Sejdeme se v sobotu v jednu *hodinu* odpoledne.,"Napsal mi, že přijde asi o dvě *hodiny* později. Za tři *hodiny* budeme končit. ",Kolik je hodin?;,,https://csskell.sketchengine.co.uk/run.cgi/concordance?lpos=&query=hodina,http://prirucka.ujc.cas.cz/?slovo=hodina,"Aranea, zajímavé slovo pro metodologii, fixní kolokace na číslovky"
Kolik je hodin?,,A1,What´s the time?,phrase,question,time expressions; basics,,,,,,,,,,
hod.,ano,A2,hour,abbreviation,noun,grammar,,hodina,Bude otevřeno od *19 hod.*,Akce se koná 24.3. od *14 hod.*,-,-,-,-,-,
hotel,,,hotel,noun,maskuline,localities; travelling ,,"místo, kde můžeme bydlet na nějaký krátký čas",,,,,,https://csskell.sketchengine.co.uk/run.cgi/concordance?lpos=&query=hotel,http://prirucka.ujc.cas.cz/?slovo=hotel,
jídlo,,,food,noun,neutrum,food and drinks,,"všechno, co můžeme jíst",,,,,,https://csskell.sketchengine.co.uk/run.cgi/concordance?lpos=&query=jídlo,http://prirucka.ujc.cas.cz/?slovo=jídlo,
kamarád,,,friend (he),noun,maskuline,people,,"muž, kterého máte rádi a se kterým rádi trávíte volný čas",,,,,,https://csskell.sketchengine.co.uk/run.cgi/concordance?lpos=&query=kamarád,http://prirucka.ujc.cas.cz/?slovo=kamarád,
kamarádka,,,friend (she),noun,feminine,people,,"žena, kterou máte rádi a se kterou rádi trávíte volný čas",,,,,,https://csskell.sketchengine.co.uk/run.cgi/concordance?lpos=&query=kamarádka,http://prirucka.ujc.cas.cz/?slovo=kamarádka,
káva,,,coffee,noun,feminine,food and drinks,,"tmavý nápoj s kofeinem, který je vyrobený ze zrn kávovníku (=beans of coffee tree), například brazilská káva, etiopská káva",,,,,,https://csskell.sketchengine.co.uk/run.cgi/concordance?lpos=&query=káva,http://prirucka.ujc.cas.cz/?slovo=káva,
kávovník,,,coffee tree,noun,maskuline,food and drinks,,"strom, na kterém roste káva", ,,,,,-,-,
kino,,,cinema,noun,neutrum,localities,,"místo, kde se můžeme dívat na film",,,,,,https://csskell.sketchengine.co.uk/run.cgi/concordance?lpos=&query=kino,http://prirucka.ujc.cas.cz/?slovo=kino,
kniha,,,book,noun,feminine,object; free time,,"věc, která má v sobě hodně papíru a kterou můžeme číst",,,,,,https://csskell.sketchengine.co.uk/run.cgi/concordance?lpos=&query=kniha,http://prirucka.ujc.cas.cz/?slovo=kniha,
měna,,A2,currency,noun,feminine,administration; finance,,"peníze státu, například česká koruna, americký dolar, euro",,,,,,https://csskell.sketchengine.co.uk/run.cgi/concordance?lpos=&query=měna,http://prirucka.ujc.cas.cz/?slovo=měna,
česká koruna,,,Czech crown ,noun,feminine,basics,,"české peníze, česká měna",,,,,,https://csskell.sketchengine.co.uk/run.cgi/concordance?lpos=&query=česká+koruna,-,"Usually abbreviated as ""koruna"".  See examples above."
květen,ano,A1,May,noun,maskuline,time expressions,Gsg-Lsg-Nsg,"pátý měsíc, (5.)",Svátek práce je prvího *května*. ,Mám narozeniny v *květnu*,"Líbí se mi *květen*, protože všechno roste a kvete.",-,-,https://csskell.sketchengine.co.uk/run.cgi/concordance?lpos=&query=květen,http://prirucka.ujc.cas.cz/?slovo=květen,
leden,ano,A1,January,noun,maskuline,time expressions,Gsg-Lsg-Nsg,"první měsíc, (1.)",Nový rok začíná prvního *ledna*.,Mám narozeniny v *lednu*.,"Líbí se mi *leden*, protože často sněží.",-,-,https://csskell.sketchengine.co.uk/run.cgi/concordance?lpos=&query=leden,http://prirucka.ujc.cas.cz/?slovo=leden,
léto,ano,A1,summer,noun,feminine,time expressions,Lsg-Asg-Gsg,"druhé roční období, která začíná v červnu (23.6.) a končí v září (23.9.)","V * létě*, hlavně v červenci a sprnu, je teplo.",Celé *léto* jsme odpočívali na chatě.,Na konci *léta* pojedeme na dovolenou. ,babí léto,-,https://csskell.sketchengine.co.uk/run.cgi/concordance?lpos=&query=léto,http://prirucka.ujc.cas.cz/?slovo=léto,
roční období,,,season,phrase,Adj + noun ,time expressions; weather,,"sezona, rok má 4 roční období, jaro, léto, podzim, zima ",,,,,,https://csskell.sketchengine.co.uk/run.cgi/concordance?lpos=&query=roční+období,-,
babí léto,,A2,indian summer,prhase,Adj + noun,time expressions; weather,,"několik dnů na konci léta nebo na začátku podzimu, kdy je krásné a teplé počasí ",,,,,,https://csskell.sketchengine.co.uk/run.cgi/concordance?lpos=&query=babí+léto,-,
listopad,ano,A1,November,noun,maskuline,time expressions,Gsg-Lsg-Nsg,"jedenáctý měsíc, (11.)",Svátní svátek je 17. *listopadu*.,Mám narozeniny v *listopadu*,Líbí se mi *listopad*.,-,-,https://csskell.sketchengine.co.uk/run.cgi/concordance?lpos=&query=listopad,http://prirucka.ujc.cas.cz/?slovo=listopad,
manžel,,,husband ,noun,maskuline,family; people,,"muž, který je ženatý ",,,,,,https://csskell.sketchengine.co.uk/run.cgi/concordance?lpos=&query=manžel,http://prirucka.ujc.cas.cz/?slovo=manžel,
manželka,,,wife,noun,feminine,family; people,,"žena, která je vdaná ",,,,,,https://csskell.sketchengine.co.uk/run.cgi/concordance?lpos=&query=manželka,http://prirucka.ujc.cas.cz/?slovo=manželka,
ženatý,,,merried (he),adjective,maskuline,family,,který má manželku,,,,,,https://csskell.sketchengine.co.uk/run.cgi/concordance?lpos=&query=ženatý,http://prirucka.ujc.cas.cz/?slovo=ženatý,
vdaná,,,merried (she),adjective,feminine,family,,která má manžela,,,,,,https://csskell.sketchengine.co.uk/run.cgi/concordance?lpos=&query=vdaná,http://prirucka.ujc.cas.cz/?slovo=vdaná,
měsíc,,,month,noun,maskuline,time expressions,,"28 - 31 dnů, měsíc leden, únor ... ",,,,,,https://csskell.sketchengine.co.uk/run.cgi/concordance?lpos=&query=měsíc,http://prirucka.ujc.cas.cz/?slovo=měsíc,
město,,,"city, town",noun,neutrum,localities,,,,,,,,https://csskell.sketchengine.co.uk/run.cgi/concordance?lpos=&query=město,http://prirucka.ujc.cas.cz/?slovo=město,
minuta,,,minute,noun,feminine,time expressions,,60 sekund,,,,,,https://csskell.sketchengine.co.uk/run.cgi/concordance?lpos=&query=minuta,http://prirucka.ujc.cas.cz/?slovo=minuta,
nádraží,,,station,noun,neutrum,localities; travelling ,,"místo, kde stojí vlaky nebo autobusy",,,,,,https://csskell.sketchengine.co.uk/run.cgi/concordance?lpos=&query=nádraží,http://prirucka.ujc.cas.cz/?slovo=nádraží,
hlavní nádraží,,,main station,phrase,Adj + noun,localities; travelling ,,velké centrální nádraží ve městě,,,,,,https://csskell.sketchengine.co.uk/run.cgi/concordance?lpos=&query=nádraží+hlavní,-,
Nový rok,,,New Year,phrase,-,holidays and special days,,první oficiální den roku (1.1.),,,,,,https://csskell.sketchengine.co.uk/run.cgi/concordance?lpos=&query=Nový+rok,-,
od rána do večera ,,,from morning till evening,phrase,-,time expressions,,dělat něco celý den,,,,,,https://csskell.sketchengine.co.uk/run.cgi/concordance?lpos=&query=od+rána+do+večera,-,
odpoledne1,,,afternoon,adverb,-,time expressions,,"když něco je ve třetí fázi dne, od 12 hodin do 19 hodintřetí fáze dne, od 12 hodin do 19 hodin",,,,,,https://csskell.sketchengine.co.uk/run.cgi/concordance?lpos=&query=odpoledne,http://prirucka.ujc.cas.cz/?slovo=odpoledne,
odpoledne,,,afternoon,noun,neutrum,time expressions,,"třetí fáze dne, od 12 hodin do 19 hodin",,,,,,https://csskell.sketchengine.co.uk/run.cgi/concordance?lpos=&query=odpoledne,http://prirucka.ujc.cas.cz/?slovo=odpoledne,
pan,,,Mr. ,noun,maskuline,basics; people ,,"speciální forma slova ""pán"", která se používá v oficiální komunikaci v kombinaci s přijmením a titulem",,,,,,https://csskell.sketchengine.co.uk/run.cgi/concordance?lpos=&query=pan,-,
pán,,,"man, mister",noun,maskuline,people,,oficiální  označení pro muže,,,,,,https://csskell.sketchengine.co.uk/run.cgi/concordance?lpos=&query=pán,http://prirucka.ujc.cas.cz/?slovo=pán,
paní,,,"woman, madam ",noun,feminine,basics; people ,,oficiální označení pro ženu ,,,,,,https://csskell.sketchengine.co.uk/run.cgi/concordance?lpos=&query=paní ,http://prirucka.ujc.cas.cz/?slovo=paní,
dámy a pánové,ano,A2,Ladies and gentleman,phrase,noun,basics; communication,,oficiální pozdrav pro publikum,"*Dámy a pánové*, vítám vás v našem muzeu. ","*Dámy a pánové*, vážení hosté, účastníci konference, dovolte mi zahajít dnešní program.",,-,-,https://csskell.sketchengine.co.uk/run.cgi/concordance?lpos=&query=dámy+a+pánové,-,Always used in plural and in this order.
pivo ,ano,A1,a beer,noun,neutrum,food and drinks,Gsg-Asg-Nsg,"alkoholický nápoj, který se vaří z vody, chmele (=hop plant) a sladu (=malt)",Koupil dvě láhve českého *piva*. ,Dám si jedno velké *pivo*.,Nejlepší *pivo* je studené. ,-,#Líbí se mi pivo.# = Chutná mi pivo. ,https://csskell.sketchengine.co.uk//run.cgi/concordance?lpos=&query=pivo,http://prirucka.ujc.cas.cz/?slovo=pivo,
pokoj,,,room,noun,maskuline,housing,,"místo v domě nebo v bytě, které má typicky 4 stěny ",,,,,,https://csskell.sketchengine.co.uk//run.cgi/concordance?lpos=&query=pokoj,http://prirucka.ujc.cas.cz/?slovo=pokoj,
dvoulůžkový pokoj,,,double-bedded room,phrase,Adj + noun,travelling  ,,"pokoj v hotelu, který má dvě postele a který je pro dva hosty",,,,,,https://csskell.sketchengine.co.uk//run.cgi/concordance?lpos=&query=dvůjlůžkový+pokoj,-,
práce,,,work,noun,feminine,práce,,"1. aktivita, za kterou máme peníze  2. místo, kde pracujeme 3. profese",,,,,,https://csskell.sketchengine.co.uk//run.cgi/concordance?lpos=&query=práce,http://prirucka.ujc.cas.cz/?slovo=práce,
pracovat,,,to work,verb,imperfect,jobs,,dělat nějakou práci,,,,,,https://csskell.sketchengine.co.uk//run.cgi/concordance?lpos=&query=pracovat,http://prirucka.ujc.cas.cz/?slovo=pracovat,
pracovat jako,,,to work as,phrase ,nound and preposition,jobs,,dělat nějakou profesi,,,,,,https://csskell.sketchengine.co.uk//run.cgi/concordance?lpos=&query=pracovat+jako,-,
Praha,ano,A1,Prague,noun,feminine,proprium; travelling ; localities; geography,Nsg-Lsg-Gsg,hlavní město České republiky,Večerní *Praha* je krásná. ,Teď pracuju a bydlím v *Praze*.,Kdy jede vlak do *Prahy*? ,-,#Jsem v Prahe.# = Jsem v Praze. ,https://csskell.sketchengine.co.uk//run.cgi/concordance?lpos=&query=Praha,http://prirucka.ujc.cas.cz/?slovo=Praha,
prosinec,ano,A1,December,noun,maskuline,time expressions,Gsg-Lsg-Nsg,"dvanáctý měsíc, (12.)",Silvestr je 31. *prosince*.,Mám narozeniny v *prosinci*.,"Líbí se mi *prosinec*, protože začíná zima a jsou Vánoce.",-,-,https://csskell.sketchengine.co.uk//run.cgi/concordance?lpos=&query=prosinec,http://prirucka.ujc.cas.cz/?slovo=prosinec,
pršet,,,to rain,verb,impf,weather,,"když prší, padá voda z nebe ",,,,,,https://csskell.sketchengine.co.uk//run.cgi/concordance?lpos=&query=pršet,http://prirucka.ujc.cas.cz/?slovo=pršet,
ráno1,,,in the morning ,adverb,-,time expressions,,"když něco je v první fázi dne, od 5:00 do 10:00",,,,,,https://csskell.sketchengine.co.uk//run.cgi/concordance?lpos=&query=ráno,http://prirucka.ujc.cas.cz/?slovo=ráno,
ráno2,,,morning,noun,neutrum,time expressions,,"první fáze dne, od 5:00 do 10:00",,,,,,,http://prirucka.ujc.cas.cz/?slovo=ráno,
republika,,,republic,noun,feminine,administration,,"forma organizace státu, která má specifické instituace a kde je prezident jako hlavní reprezentant ",,,,,,https://csskell.sketchengine.co.uk//run.cgi/concordance?lpos=&query=republika,http://prirucka.ujc.cas.cz/?slovo=republika,
restaurace,,,restaurant,noun,feminine,localities,,"místo, kde můžeme jíst a pít ",,,,,,https://csskell.sketchengine.co.uk//run.cgi/concordance?lpos=&query=restaurace,http://prirucka.ujc.cas.cz/?slovo=restaurace,
říjen,ano,A1,October,noun,maskuline,time expressions,Gsg-Lsg-Asg,"desátý měsíc, (10.)",Budu na dovolené od 10.*října*.,Mám narozeniny v *říjnu*.,"Líbí se mi *říjen*, protože je podzim.",-,-,https://csskell.sketchengine.co.uk//run.cgi/concordance?lpos=&query=říjen,http://prirucka.ujc.cas.cz/?slovo=říjen,
rok,ano,A1,year,noun,maskuline,time expressions,Gpl-Lsg-Gsg,"12 měsíců, od 1.1. do 31.12.",Je mi 25 *let*.,Karel Čapek zemřel v *roce* 1938. ,Becherovka se vaří od *roku* 1807.,v roce;od roku,Pracuju jako doktor #15 roky.#= Pracuju jako doktor 15 let. ,https://csskell.sketchengine.co.uk//run.cgi/concordance?lpos=&query=rok,http://prirucka.ujc.cas.cz/?slovo=rok,
rýma,ano,A1,common cold,noun,feminine,health problems,Nsg-Asg-Isg,rinitida,*Rýma* trvá sedm dní. ,Nejsi nemocný? Nemáš *rýmu*? ,Často chodí do práce s *rýmou*.,-,-,https://csskell.sketchengine.co.uk//run.cgi/concordance?lpos=&query=r%C3%BDma,http://prirucka.ujc.cas.cz/?slovo=r%C3%BDma,
škola,ano,A1,school,noun,feminine,localities,Gsg-Lsg-Gpl,"instituce, kde něco studujeme ","Moje sestra je malá, chodí ještě do základní *školy*.",Odpoledne jsem ve *škole* a studuju češtinu.,Chodil už do několika jazykových *škol*.,základní škola; střední škola; vysoká škola,Jsem # v# škole.= Jsem ve škole. ,https://csskell.sketchengine.co.uk/run.cgi/concordance?lpos=&query=škola,http://prirucka.ujc.cas.cz/?slovo=škola,
sobota,ano,A1,Saturday,noun,feminine,time expressions,Asg-Nsg-Gsg,šestý den v týdnu,V *sobotu* pojedeme na výlet na hrad Karlštejn. ,Zítra je *sobota*.,Otevřeno bude od pondělí do příští *soboty*.,-,-,https://csskell.sketchengine.co.uk/run.cgi/concordance?lpos=&query=sobota,http://prirucka.ujc.cas.cz/?slovo=sobota,
srpen,ano,A1,August,noun,maskuline,time expressions,Gsg-Lsg-Nsg,"osmý měsíc, (8.)",Festival začíná 23. *srpna*.,Mám narozeniny v *srpnu*,Líbí se mi *srpen*,-,-,https://csskell.sketchengine.co.uk/run.cgi/concordance?lpos=&query=srpen,http://prirucka.ujc.cas.cz/?slovo=srpen,
student,,,student (he),noun,maskuline,people,,"muž, který studuje ",,,,,,https://csskell.sketchengine.co.uk/run.cgi/concordance?lpos=&query=student,http://prirucka.ujc.cas.cz/?slovo=student,
studentka,,,student (she),noun,feminine,people,,"žena, která studuje ",,,,,,https://csskell.sketchengine.co.uk/run.cgi/concordance?lpos=&query=studentka,http://prirucka.ujc.cas.cz/?slovo=studentka,
stůl ,,,table,noun,maskuline,housing; furniture ,,"furniture, který má typicky 4 nohy, například pracovní, jídelní ",,,,,,https://csskell.sketchengine.co.uk/run.cgi/concordance?lpos=&query=stůl,http://prirucka.ujc.cas.cz/?slovo=stůl,
televize,,,television,noun,feminine,housing; object; electronics; free time,,"object, ",,,,,,https://csskell.sketchengine.co.uk/run.cgi/concordance?lpos=&query=televize,http://prirucka.ujc.cas.cz/?slovo=televize,
týden,,,week,noun,maskuline,time expressions,,"sedm dnů, od pondělí do neděle ",,,,,,https://csskell.sketchengine.co.uk/run.cgi/concordance?lpos=&query=týden,http://prirucka.ujc.cas.cz/?slovo=týden,
učitel,,,teacher,noun,maskuline,jobs; people,,"muž, který učí",,,,,,https://csskell.sketchengine.co.uk/run.cgi/concordance?lpos=&query=učitel,http://prirucka.ujc.cas.cz/?slovo=učitel,
učitelka,,,teacher,noun,feminine,jobs; people,,"žena, která učí ",,,,,,https://csskell.sketchengine.co.uk/run.cgi/concordance?lpos=&query=učitelka,http://prirucka.ujc.cas.cz/?slovo=učitelka,
ulice,,,street,noun,feminine,localities,,,,,,,,https://csskell.sketchengine.co.uk/run.cgi/concordance?lpos=&query=ulice,http://prirucka.ujc.cas.cz/?slovo=ulice,
únor,ano,A1,February,noun,maskuline,time expressions,Gsg-Lsg-Nsg,"druhý měsíc, (2.)",Den svatého Valentýna slavíme 14. *února*.,*Mám narozeniny v únoru*.,Líbí se mi *únor*.,-,-,https://csskell.sketchengine.co.uk/run.cgi/concordance?lpos=&query=únor,http://prirucka.ujc.cas.cz/?slovo=únor,
večer1,,,evening,noun,maskuline,time expressions,,"fáze dne, kdy začíná být tma, asi od 20 hodin ",,,,,,https://csskell.sketchengine.co.uk/run.cgi/concordance?lpos=&query=večer,http://prirucka.ujc.cas.cz/?slovo=večer,
večer2,,,evening,adverb,-,time expressions,,"když něco je v pozdější fázi dne, když začíná být tma, asi od 20 hodin",,,,,,https://csskell.sketchengine.co.uk/run.cgi/concordance?lpos=&query=večer,http://prirucka.ujc.cas.cz/?slovo=večer,
dobrý večer,ano ,A1,Good evening! ,phrase,Adj + noun,basics,-,"pozdrav ve fázi dne, kdy začíná být tma, asi od 20:00",*Dobrý večer!*,"*Dobrý večer*, pane Černý!","*Dobrý večer,*paní Černá.",-,-,https://csskell.sketchengine.co.uk/run.cgi/concordance?lpos=&query=dobrý+večer,-,
Vídeň,ano ,A1,Vienna,noun,feminine,localities; travelling ,Lsg-Gsg-Nsg,hlavní město Rakouska,Narodil se ve *Vídni*.,Pojedeme autobusem do *Vídně*.,*Vídeň* je krásné město. ,-,#historický#  Vídeň= historická Vídeň,https://csskell.sketchengine.co.uk//run.cgi/concordance?lpos=&query=v%C3%ADde%C5%88,http://prirucka.ujc.cas.cz/?slovo=v%C3%ADde%C5%88,
víkend ,ano ,A1,weekend,noun,maskuline,time expressions; free time,Lsg-Asg-Nsg,sobota a neděle ,Co budeš dělat o *víkendu*? ,Příští *víkend* nebudou doma. ,Tento *víkend* byl fajn. ,Hezký víkend!,-,https://csskell.sketchengine.co.uk//run.cgi/concordance?lpos=&query=víkend,http://prirucka.ujc.cas.cz/?slovo=víkend ,
Hezký víkend!,ano ,A1,Have a nice weekend! ,phrase,adj + noun,basics; time expressions,,"fráze, kterou říkáme, když odcházíme a bude brzo víkend",*Hezký víkend!* Uvidíme se v pondělí. ,-,-,-,-,-,-,
vlak,ano ,A1,train,noun,maskuline,travelling  ,Nsg-Isg-Gsg,"dopravní prostředek pro hodně lidí, který má několik vozů a jezdí po kolejích (=on a track)",Osobní *vlak* odjede ze třetího nástupiště. ,"Jezdím do Prahy autobusem, ale dnes pojedu *vlakem*.",Ten hrad můžete vidět *z vlaku*. ,-,-,https://csskell.sketchengine.co.uk//run.cgi/concordance?lpos=&query=vlak,http://prirucka.ujc.cas.cz/?slovo=vlak,
výlet,ano ,A1,trip,noun,maskuline,free time,Asg-Apl-Nsg,"aktvita, kdy cestujeme na nějaké zajímavé místo  ",Nechceš jet v sobotu na *výlet*?,V létě Češi hodně chodí na *výlety* do hor.,Jednodenní *výlet* do Brna byl fajn. ,-,-,https://csskell.sketchengine.co.uk//run.cgi/concordance?lpos=&query=výlet,http://prirucka.ujc.cas.cz/?slovo=výlet,
výpověď,ano ,A2,notice to quite,noun,feminine,jobs; documents,Asg-Gsg-Gpl,"dokument, který říká, že musíme nebo cheme odejít z práce",Včera jsem dala *výpověď* .,Odchází z práce bez *výpověďi*.,V životě dostal hodně *výpověďí*. ,-,-,https://csskell.sketchengine.co.uk//run.cgi/concordance?lpos=&query=výpověď,http://prirucka.ujc.cas.cz/?slovo=výpověď,
září,ano ,A1,September,noun,maskuline,time expressions,Gsg-Lsg-Nsg,"devátý měsíc, (9.)",Dvacátého třetího *září* začíná podzim. ,Chcete jet k moři v sprnu nebo v *září*?,"Líbí se mi *září*, protože začíná podzim.",-,-,https://csskell.sketchengine.co.uk//run.cgi/concordance?lpos=&query=září,http://prirucka.ujc.cas.cz/?slovo=září,
zavináč,ano ,A2,at (sing),noun,maskuline,communication,Nsg-Asg,"symbol v e-mailu, @",Můj e-mail je petr *zavináč* seznam tečka cé zet ,"Nevíte, jak napsat *zavináč*? ",*Zavináč* napíšete stiskem kláves AltGr ( pravý Alt ) + V,-,-,https://csskell.sketchengine.co.uk//run.cgi/concordance?lpos=&query=zavináč,http://prirucka.ujc.cas.cz/?slovo=zavináč,
mít,,,to have,verb,basics,basics; grammar,,"1. vlastnit(to posses) něco, když něco mám, je to moje   2. modální sloveso ","Nevíš, jaké auto *má* Petr? ",Viktor a Helena *mají* hezký byt. ,Hana *měla* včera narozeniny. ,,,https://csskell.sketchengine.co.uk//run.cgi/concordance?lpos=&query=mít,http://prirucka.ujc.cas.cz/?slovo=mít,
mít rád,,,to like,phrase,verb + adj ,basics; vztahy,,mít k něčemu nebo někomu pozitivní vztah,Petr  *má rád* hudbu.  ,Iva a Jan *nemají rádi* vodku. ,"Eva *měla* ráda hudbu, když byla malá. ",,#Má ráda dělat sport.# = Má ráda sport. ,https://csskell.sketchengine.co.uk//run.cgi/concordance?lpos=&query=m%C3%ADt+r%C3%A1d,-,"look at the examples, the form is different according to subject, he- rád, she - ráda, plurál - rádi. "
jít,,,to go ,verb,imperfective,travelling ; free time,,pohybovat se na nohách,*jde*,Už musím *jít*. ,*Šlo* o něco jiného. ,,,https://csskell.sketchengine.co.uk//run.cgi/concordance?lpos=&query=jít,http://prirucka.ujc.cas.cz/?slovo=jít,
Nechceš jít ... ?,,,Do you want to go?  (formal),phrase,verb + verb in infinitive,free time,,"neformální otázka, kterou používáme v situaci, kdy chceme někoho někam pozvat",*Nechcete jít* taky? ,*Nechcete jít* dál? ,*Nechcete jít* do divadla? ,,,https://csskell.sketchengine.co.uk//run.cgi/concordance?lpos=&query=Nechce%C5%A1+j%C3%ADt,-,
Nechcete jít ...? ,,,Do you want to go? (informal),phrase,verb + verb in infinitive,free time,,"formální otázka, kterou používáme v situaci, kdy chceme někoho někam pozvat",*Nechceš jít* se mnou? ,*Nechceš jít* do kina? ,*Nechceš jít* v sobotu na fotbal?,,,https://csskell.sketchengine.co.uk//run.cgi/concordance?lpos=&query=Nechcete+j%C3%ADt,-,
chtít,,,to want ,verb,imperfective,grammar,,"1. žádat nebo přát si něco (=ask or wish for something) 2. modální sloveso, které znamená, že si něco přejeme dělat",*chce*,*chtěla*,*chci*,,,https://csskell.sketchengine.co.uk//run.cgi/concordance?lpos=&query=chtít,http://prirucka.ujc.cas.cz/?slovo=chtít,
muset ,,,to must ,verb,imperfective,grammar,,"modální sloveso, které znamená, že něco musíme určitě udělat, je to nutné (=necessary)",*musí*,*musím*,*musíme*,,,https://csskell.sketchengine.co.uk//run.cgi/concordance?lpos=&query=muset,http://prirucka.ujc.cas.cz/?slovo=muset,
prosím,,,Please! ,phrase,verb,basics,,"1. slovo, které říkáme, když chceme, aby někdo něco udělal 2. reakce na děkuju  ",,,,,,,,
oběd ,ano,A1,lunch,noun,maskuline,food and drinks; time expressions ,Asg-Lsg-Gsg,"jídlo, které jíme uprostřed dne ",Máme pauzu na *oběd* od 12 do 13 hodin. Nechceš jít se mnou na *oběd*?,Děti chodí po *obědě* spát.  Po *obědě* jsme šli na procházku na pláž.,"Diskutovali o tom u *oběda*. Nerad vstávám brzo, někdy spím až do *oběda*.",na oběd; jít/přijít/chodit/odejít/zajít/pozvat na oběd ,-,https://csskell.sketchengine.co.uk//run.cgi/concordance?lpos=&query=ob%C4%9Bd,https://prirucka.ujc.cas.cz/?slovo=ob%C4%9Bd,
na oběd ,,,,,,,,,,,,,,,,
pondělí ,,,,,neutrum,time expressions ,,,,,,,,,,
úterý,,,,,neutrum,time expressions ,,,,,,,,,,
středa,,,,,feminine,time expressions ,,,,,,,,,,
čtvrtek,,,,,maskuline,time expressions ,,,,,,,,,,
pátek,,,,,maskuline,time expressions ,,,,,,,,,,
neděle,,,,,feminine,time expressions ,,,,,,,,,,
rodina,,,,,feminine,family; people ,,,,,,,,,,
víno,,,,,neutrum,food and drinks,,,,,,,,,,
Brno ,,,,,neutrum,localities; geography; travelling ; proprium,,,,,,,,,,
sestra,ano,A1,sister,noun,feminine,people; family,Nsg-Asg-Gsg,sourozenec - žena,Moje *sestra* se jmenuje Veronika. ,Mám o rok mladší *sestru*. ,To jsou děti mojí *sestry*.,zdravotní sestra; moje sestra; starší sestra; mladší sestra,-,https://csskell.sketchengine.co.uk//run.cgi/concordance?lpos=&query=sestra,https://prirucka.ujc.cas.cz/?slovo=sestra,"SYN2015 - chyba v anotaci pro ""sestry"" - často tagováno jako genitiv, ale je to plurál"
zdravotní sestra,,A2,nurse,phrase,adjective + noun,people; jobs; health problems,,,,,,,,,,
mladší sestra,,A1,younger sister,phrase,adjective + noun,people; family,,,,,,,,,,
starší sestra ,,A1,older sister ,phrase,adjective + noun,people; family,,,,,,,,,,
film ,,,,,maskuline,object; free time,,,,,,,,,,
obchod,,,,,maskuline,localities,,,,,,,,,,
stanice,,,,,feminine ,localities; travelling  ,,,,,,,,,,
kancelář ,,,,,feminine ,localities; jobs,,,,,,,,,,
nemocnice,,,,,feminine ,localities; health problems,,,,,,,,,,
knedlík,,,,,maskuline,food and drinks; Czech Republic,,,,,,,,,,
snídaně,ano,A1,breakfast,noun,feminine ,food and drinks,Asg-Gsg-Dsg,"první jídlo, které ráno jíme",V 7 hodin 15 minut si v jídelně dám *snídani* - tousty a teplé mléko a vajíčka se šunkou.,Erik si každé ráno u *snídaně* čte.,Nedáte si něco k *snídani*? ,na snídani; u snídaně,-,https://csskell.sketchengine.co.uk//run.cgi/concordance?lpos=&query=sn%C3%ADdan%C4%9B,https://prirucka.ujc.cas.cz/?slovo=sn%C3%ADdan%C4%9B,časté chyby v tagování na snídani lokativ nebo akuzativ
na snídani,,,,,,,,,,,,,,,,
večeře,,,,,feminine ,food and drinks,,,,,,,,,,
patro,,,,,netrum,housing ,,,,,,,,,,
metro,,,,,netrum,travelling  ,,,,,,,,,,
brýle,,,,,-,object; health problems,,,,,,,,,,
centrum,,,,,netrum,localities,,,,,,,,,,
syn,,,,,maskuline,people; family,,,,,,,,,,
žena1,ano,A1,woman,noun,feminine ,people,Nsg-Gpl-Npl,"člověk/osoba ženského pohlaví, která je dospělá ",Iva je štíhlá *žena* a známá herečka. Nějaká *žena* stojí na ulici.,"To může být problém u *žen*, které jsou těhotné. U řeky bylo hodně mužů a *žen*.",Na farmě pracovali muži a *ženy*. *Ženy na fotografiích byly elegantní a krásné.,těhotná žena; muž a žena,,https://csskell.sketchengine.co.uk//run.cgi/concordance?lpos=&query=%C5%BEena#,https://prirucka.ujc.cas.cz/?slovo=%C5%BEena,Aranea
muž1,ano,A1,man,noun,maskuline,people,Nsg-Gpl-Npl,"člověk/osoba mužského pohlaví, která je dospělá","Na inzerát odpověděl jeden sympatický mladý *muž*. Stojí to 30 dolarů, řekl ten *muž*. ","Je zajímavé, že ideálem českých mužů a žen je mít dvě děti. Autobusem přijelo 15 *mužů.*","Ženy fotografují častěji než *muži*.  Tenis je sport pro všechny, můžou ho hrát ženy, *muži* i děti.",muž a žena ,,https://csskell.sketchengine.co.uk//run.cgi/concordance?lpos=&query=mu%C5%BE,https://prirucka.ujc.cas.cz/?slovo=mu%C5%BE,Aranea
žena2,,A2,,noun,feminine ,people; family,,manželka,,,,,,,,
muž2,,A2,,noun,maskuline,people; family ,,manžel,,,,,,,,
kuchyně,,,,,feminine ,localities; housing ,,,,,,,,,,
pokladní ,,,,,feminine ,people; jobs; finance,,,,,,,,,,
pokladní ,,,,,maskuline,people; jobs; finance,,,,,,,,,,
prodavač,,,,,maskuline,people; jobs,,,,,,,,,,
prodavačka,,,,,feminine ,people; jobs,,,,,,,,,,
čaj,,,,,maskuline,food and drinks,,,,,,,,,,
peníze,,A1,money,noun,plural,finance,,,,,,,,,,
návštěva,,,,noun,feminine ,free time,,,,,,,,,,
zahrada,,,,noun,feminine ,localities; nature,,,,,,,,,,
čeština,,,,noun,feminine ,communication; studies,,,,,,,,,,
sýr ,,,,noun,maskuline,food and drinks,,,,,,,,,,
telefon,,,,noun,maskuline,object; communication,,,,,,,,,,
hrad ,,,,noun,maskuline,localities; travelling ; culture; free time,,,,,,,,,,
tramvaj,,,tram,noun,feminine ,travelling  ,#consonantendingforfeminine,,,,,,,,,
most,,,bridge,noun,maskuline,localities; travelling ,,,,,,,,,,
univerzita ,,,university,noun,feminine ,localities; studies ,,,,,,,,,,
firma,,,company,noun,feminine ,localities; jobs,,,,,,,,,,
hlad,,,hunger,noun,maskuline,food and drinks,,,,,,,,,,
lék ,,,medicine,noun,maskuline,object; health problems,,,,,,,,,,
hora,,,mountain,noun,feminine ,localities; nature,,,,,,,,,,
pošta,,,post office,noun,feminine ,localities; communication,,,,,,,,,,
počítač,,,computer,noun,maskuline,object; communication,,,,,,,,,,
mléko,,,milk,noun,netrum,food and drinks,,,,,,,,,,
pacient,,,pacient ,noun,maskuline,people; health problems,,,,,,,,,,
pacientka ,,,,,feminine ,people; health problems,,,,,,,,,,
slovník,,,dictionary,,maskuline,object; documentation,,,,,,,,,,
slovo,,,word,,netrum,communication,,,,,,,,,,
postel,,,bed,,maskuline,housing; furniture,,,,,,,,,,
bratr ,ano,A1,brother,noun,maskuline,people; family,Nsg-Npl-Asg,sourozenec - muž ,Můj starší *bratr* pracuje v bance. ,Měli velkou rodinu. Byli tři sestry a dva *bratři*. ,Mám jednoho mladšího *bratra*.,můj bratr; mladší bratr; starší bratr,-,https://csskell.sketchengine.co.uk//run.cgi/concordance?lpos=&query=bratr,https://prirucka.ujc.cas.cz/?slovo=bratr,
mladší bratr,,A1,younger brother,phrase,adjective + noun,people; family,,,,,,,,,,
starší sestra ,,A1,older brother,phrase,adjective + noun,people; family,,,,,,,,,,
zima1,,,cold,,feminine ,weather,,,,,,,,,,
zima2,,,winter,,feminine ,time expressions,,,,,,,,,,
tenis,,,tennis,,maskuline,sport; free time,,,,,,,,,,
polévka,,,soup,,feminine ,food and drinks,,,,,,,,,,
vlas,,,hair,,maskuline,human body,,,,,,,,,,
dcera,,,daughter,,feminine ,people; family,,,,,,,,,,
maminka,,,mother,,feminine ,people; family,,,,,,,,,,
židle,,,chair,,feminine ,housing; furniture,,,,,,,,,,
nápad,,,idea,,maskuline,? ,,,,,,,,,,
moře,,,sea,,netrum,localities; nature; travelling  ,,,,,,,,,,
noc,,,night,,feminine ,time expressions,,,,,,,,,,
počasí ,,,weather,,netrum,weather,,,,,,,,,,
okno ,,,window,,netrum,housing,,,,,,,,,,
dopis,,,letter,,maskuline,object; dokument; communication,,,,,,,,,,
Karlštejn ,,,-,,maskuline,localities; proprium; travelling  ,,,,,,,,,,
maso,,,meat,,netrum,food and drinks,,,,,,,,,,
park,,,park,,maskuline,localities; nature,,,,,,,,,,
mobil ,,,mobile phone,,maskuline,object; communication,,,,,,,,,,
knihovna1 ,,,library,,feminine ,localities; culture,,,,,,,,,,
knihovna2,,,bookshelf,,feminine,housing; furniture,,,,,,,,,,
oko,,,eye,,netrum,human body,,,,,,,,,,
jogurt,,,yogurt,,maskuline,food and drinks,,,,,,,,,,
zelenina ,,,vegetable,,feminine ,food and drinks; nature ,,,,,,,,,,
koupelna,,,bathroom,,feminine ,localities; housing ,,,,,,,,,,
zastávka,,,bus stop,,feminine ,localities; travelling ,,,,,,,,,,
banka,,,bank,,feminine ,localities; finance,,,,,,,,,,
profesor,,,proffesor,,maskuline,people; jobs,,,,,,,,,,
profesorka ,,,,,feminine ,people; jobs,,,,,,,,,,
ložnice,,,bedroom,,feminine ,localities; housing ,,,,,,,,,,
obývák,,,living room,,maskuline,localities; housing ,,,,,,,,,,
metr ,,,meter,,maskuline,basics; travelling  ,,,,,,,,,,
jízdenka,,,ticket,,feminine ,dokument; travelling  ,,,,,,,,,,
lampa,,,lamp,,feminine ,housing,,,,,,,,,,
Olomouc,,,-,,feminine ,proprium; localities; travelling; Czech Republic,,,,,,,,,,
matka,,,mother,,feminine ,people; family,,,,,,,,,,
zmrzlina,,,icecream ,,feminine ,food and drinks,,,,,,,,,,
recepční ,,,receptionist,,feminine ,people; jobs,,,,,,,,,,
babička,,,grandmother,,feminine ,people; family,,,,,,,,,,
angličtina,,,English,,feminine ,communication; studies,,,,,,,,,,
teta,,,aunt,,feminine ,people; family,,,,,,,,,,
jídelna ,,,dinning room,,feminine ,localities; food and drinks; housing,,,,,,,,,,
Liberec ,,,-,,maskuline,localities; proprium; travelling  ,,,,,,,,,,
policista,,,police officer,,maskuline,people; jobs,,,,,,,,,,
policistka,,,,,feminine ,people; jobs,,,,,,,,,,
noha,,,leg,,feminine ,human body,,,,,,,,,,
máslo ,,,butter,,netrum,food and drinks,,,,,,,,,,
kavárna ,,,coffee house,,feminine ,localities; food and drinks,,,,,,,,,,
Anglie,,,England,,feminine ,localities; geography; travelling ; proprium,,,,,,,,,,
chleba ,,,bread,,feminine ,food and drinks,,,,,,,,,,
fotbal,,,football,,maskuline,sport; free time,,,,,,,,,,
procházka ,,,walk,,feminine ,sport; free time,,,,,,,,,,
řeka,,,river,,feminine ,localities; nature,,,,,,,,,,
svetr,,,sweater,,maskuline,object; oblečení,,,,,,,,,,
program,,,programm,,maskuline,free time; culture; sport,,,,,,,,,,
zákazník,,,customer,,maskuline,people; jobs,,,,,,,,,,
zákaznice,,,customer,,feminine ,people; jobs,,,,,,,,,,
číšnice,,,weitress,,feminine ,people; jobs,,,,,,,,,,
květina,,,flower,,feminine ,nature,,,,,,,,,,
inzerát,,,flyer,,maskuline,object; dokument; jobs,,,,,,,,,,
noviny ,,,newspapers,,-,object; dokument; free time; culture,,,,,,,,,,
moment ,,,moment,,maskuline,time expressions,,,,,,,,,,
jazyk1,,,langague,,maskuline,communication; studies,,,,,,,,,,
jazyk2,,,tangue,,maskuline,human body,,,,,,,,,,
pravda,,,truth,,feminine,? ,,,,,,,,,,
život ,,,life,,maskuline,? ,,,,,,,,,,
rádio,,,radio,,netrum,object; communication,,,,,,,,,,
Češka,,,Czech,,feminine ,people,,,,,,,,,,
Morava,,,-,,feminine ,localities; geography; travelling ; proprium,,,,,,,,,,
poledne,,,midday,,netrum,time expressions,,,,,,,,,,
místenka,,,,,feminine ,travelling ; dokument ,,,,,,,,,,
rodič,,,parent,,maskuline,people; family,,,,,,,,,,
nástupiště,,,platform,,netrum,localities; travelling  ,,,,,,,,,,
test,,,test,,maskuline,studies; dokument ,,,,,,,,,,
guláš,,,-,,maskuline,food and drinks; Czech Republic,,,,,,,,,,
chata,,,"hut, cottage",,feminine ,localities; free time; housing ,,,,,,,,,,
osoba,,,person,,feminine ,people,,,,,,,,,,
tatínek,,,father,,maskuline,people; family ,,,,,,,,,,
otec ,,,father,,maskuline,people; family,,,,,,,,,,
garáž,,,garage,,feminine ,localities; housing ,,,,,,,,,,
kolo,,,bike,,netrum,object; travelling   ,,,,,,,,,,
ovoce ,,,fruit,,netrum,food and drinks; nature ,,,,,,,,,,
voda,,,water,,feminine ,food and drinks,,,,,,,,,,
pití ,,,drink,,netrum,food and drinks,,,,,,,,,,
škoda?,,,,,?,? ,,,,,,,,,,
narozeniny ,ano,A1,birthday,noun,-,time expressions; holidays and special days,onlyplural;Apl-Dpl-Gpl,"den, kdy jsme se narodili",Dnes slavím *narozeniny*. Eva bude mít *narozeniny* příští týden. ,Všechno nejlepší k *narozeninám*. Tady máš dárek k *narozeninám*.,Na oslavě *narozenin* naší maminky byla taky její teta. O víkendu půjdu na oslavu *narozenin*,slavit narozeniny; mít narozeniny; Všechno nejlepší k narozeninám!; oslava narozenin,"Moje narozeniny #je# v pondělí= Moje narozeniny jsou v pondělí.  #narozeniny party #. = narozeninová oslava, oslava narozenin, narozeninová párty. #moji# narozeniny = moje narozeniny",https://csskell.sketchengine.co.uk//run.cgi/concordance?lpos=&query=narozeniny,https://prirucka.ujc.cas.cz/?slovo=narozeniny,
,,,,,,,,,,,,,,,,
slavit narozeniny,,,to celebrate birthday,phrase,verb+noun,,,,,,,,,,,
mít narozeniny,,,to have birthday,phrase,verb+noun,,,,,,,,,,,
Všechno nejlepší k narozeninám.,,,All the best! Happy birthday! ,phrase,phrase,,,,,,,,,,,
oslava narozenin,,,birthday party/celebration,phrase,noun+noun,,,,,,,,,,,
Evropa,,,,,feminine ,localities; geography; travelling ; proprium,,,,,,,,,,
Amerika ,,,,,feminine ,localities; geography; travelling ; proprium,,,,,,,,,,
kurz,,,,,maskuline,studies,,,,,,,,,,
cena ,,,,,feminine ,finance,,,,,,,,,,
koncert,,,,,maskuline,free time; culture,,,,,,,,,,
zub,,,,,maskuline,human body ,,,,,,,,,,
chuť,,,,,feminine ,emotion; food and drinks,,,,,,,,,,
rohlík,,,,,maskuline,food and drinks; Czech Republic,,,,,,,,,,
koberec ,,,,,maskuline,housing,,,,,,,,,,
muzeum,,,,,netrum,localities; free time,,,,,,,,,,
sekretářka,,,,,feminine ,people; jobs,,,,,,,,,,
houska,,,,,feminine ,food and drinks; Czech Republic,,,,,,,,,,
král ,,,,,maskuline,people,,,,,,,,,,
pes,,,,,maskuline,animals; nature  ,,,,,,,,,,
manažer,,,,,maskuline,people; jobs,,,,,,,,,,
manažerka ,,,,,feminine ,people; jobs,,,,,,,,,,
životopis ,,,,,maskuline,jobs; dokument,,,,,,,,,,
kontrola,,,,,feminine ,? ,,,,,,,,,,
teplota1,,,,,feminine ,health problems,,,,,,,,,,
teplota2,,,,,feminine ,weather,,,,,,,,,,
místo,,,,,netrum,localities,,,,,,,,,,
hudba,,,,,feminine ,free time; culture,,,,,,,,,,
hlava,,,,,feminine ,human body,,,,,,,,,,
pizza,,,,,feminine ,food and drinks,,,,,,,,,,
sport,,,,,maskuline,free time; sport,,,,,,,,,,
zdraví,,,,,netrum,health problems,,,,,,,,,,
štěstí,,,,,netrum,emotion ,,,,,,,,,,
křeslo,,,,,netrum,housing; furniture,,,,,,,,,,
banán ,,,,,maskuline,food and drinks,,,,,,,,,,
orloj,,,,,maskuline,localities; Czech Republic; travelling ; culture,,,,,,,,,,
pero ,,,,,netrum,object; studies,,,,,,,,,,
Francie,,,,,feminine ,localities; geography; travelling ; proprium,,,,,,,,,,
fotografie,,,,,feminine ,object; culture ,,,,,,,,,,
praxe,,,,,feminine ,jobs,,,,,,,,,,
bazén,,,,,maskuline,localities; sport;free time ,,,,,,,,,,
internet ,,,,,maskuline,communication,,,,,,,,,,
podlaha,,,,,feminine ,housing,,,,,,,,,,
záchod,,,,,maskuline,housing,,,,,,,,,,
rýže ,,,,,feminine ,food and drinks,,,,,,,,,,
třída,,,,,feminine ,localities; studies ,,,,,,,,,,
Angličan,,,,,maskuline,people,,,,,,,,,,
Angličanka ,,,,,feminine ,people,,,,,,,,,,
cizinec,,,,,maskuline,people; travelling  ,,,,,,,,,,
lekce ,,,,,feminine ,studies,,,,,,,,,,
přání,,,,,netrum,object; komunikae,,,,,,,,,,
karta,,,,,feminine ,object,,,,,,,,,,
hranice ,,,,,feminine ,localities; travelling ,,,,,,,,,,
matematika,,,,,feminine ,studies,,,,,,,,,,
vana,,,,,feminine ,housing,,,,,,,,,,
les ,,,,,maskuline,localities; nature,,,,,,,,,,
časopis,,,,,maskuline,object; culture; free time,,,,,,,,,,
Čechy ,,,,,-,localities; geography; travelling ; proprium,,,,,,,,,,
taška,,,,,feminine ,object; clothing ,,,,,,,,,,
informace,,,,,feminine ,communication,,,,,,,,,,
košile,,,,,feminine ,object; clothing ,,,,,,,,,,
kostel,,,,,maskuline,localities; culture,,,,,,,,,,
vesnice,,,,,feminine ,localities,,,,,,,,,,
obrázek ,,,,,maskuline,object; culture,,,,,,,,,,
policie,,,,,feminine ,localities,,,,,,,,,,
zkouška,,,,,feminine ,studies,,,,,,,,,,
fakulta,,,,,feminine ,localities; studies ,,,,,,,,,,
lektor,,,,,maskuline,people; jobs,,,,,,,,,,
lektorka ,,,,,feminine ,people; jobs,,,,,,,,,,
USA,,,,,-,localities; geography; travelling ; proprium,,,,,,,,,,
kluk,,,,,maskuline,people,,,,,,,,,,
diskotéka ,,,,,feminine ,localities,,,,,,,,,,
obraz,,,,,maskuline,object; culture,,,,,,,,,,
úřad,,,,,maskuline,localities; communication,,,,,,,,,,
kuchyň,,,,,feminine ,housing ,,,,,,,,,,
balkon,,,,,maskuline,housing,,,,,,,,,,
Ostrava ,,,,,feminine ,localities; proprium; travelling ; Czech Republic  ,,,,,,,,,,
ubytování ,,,,,netrum,localities; travelling ; housing ,,,,,,,,,,
ordinace,,,,,feminine ,localities; health problems,,,,,,,,,,
horko,,,,,netrum,weather ,,,,,,,,,,
hra,,,,,feminine ,free time; sport,,,,,,,,,,
klub,,,,,maskuline,localities,,,,,,,,,,
text,,,,,maskuline,dokument ,,,,,,,,,,
recept ,,,,,maskuline,health problems; dokument ,,,,,,,,,,
sporák,,,,,maskuline,housing; object ,,,,,,,,,,
slunce,,,,,netrum,weather; nature ,,,,,,,,,,
pokladna,,,,,feminine ,localities,,,,,,,,,,
plán,,,,,maskuline,communication,,,,,,,,,,
dveře,,,,,-,housing,,,,,,,,,,
brambora,,,,,feminine ,food and drinks,,,,,,,,,,
kuře,,,,,netrum,food and drinks; animals; nature ,,,,,,,,,,
věc,,,,,feminine ,object,,,,,,,,,,
dětství,,,,,netrum,time expressions; family,,,,,,,,,,
láska,,,,,feminine ,emotion ,,,,,,,,,,
ředitel,,,,,maskuline,people; jobs,,,,,,,,,,
ředitelka ,,,,,feminine ,people; jobs,,,,,,,,,,
jed?,,,,,maskuline,people; travelling  ,,,,,,,,,,
turistka,,,,,feminine ,people; travelling  ,,,,,,,,,,
herec,,,,,maskuline,people; jobs; culture ,,,,,,,,,,
herečka,,,,,feminine ,people; jobs; culture ,,,,,,,,,,
email ,,,,,maskuline,communication,,,,,,,,,,
pláž,,,,,feminine ,localities; travelling ,,,,,,,,,,
servírka,,,,,feminine ,people; jobs,,,,,,,,,,
kilometr,,,,,maskuline,basics; travelling  ,,,,,,,,,,
Německo,,,,,netrum,localities; geography; travelling ; proprium,,,,,,,,,,
grammar,,,,,feminine ,communication,,,,,,,,,,
výtah,,,,,maskuline,housing,,,,,,,,,,
partner,,,,,maskuline,people; family,,,,,,,,,,
partnerka,,,,,feminine ,people; family,,,,,,,,,,
dívka,,,,,feminine ,people,,,,,,,,,,
kočka,,,,,feminine ,animals; nature  ,,,,,,,,,,
přítel,,,,,maskuline,people ,,,,,,,,,,
přítelkyně ,,,,,feminine ,people,,,,,,,,,,
holka ,,,,,feminine ,people ,,,,,,,,,,
zákusek,,,,,maskuline,food and drinks,,,,,,,,,,
lékarník,,,,,maskuline,people; jobs,,,,,,,,,,
lékarnice,,,,,feminine ,people; jobs,,,,,,,,,,
pozor,,,,,maskuline,communication,,,,,,,,,,
krk ,,,,,maskuline,human body,,,,,,,,,,
supermarket,,,,,maskuline,localities,,,,,,,,,,
kuchyňská linka,,,,phrase,adjective + noun,housing; furniture,,,,,,,,,,
parfém,,,,,maskuline,object,,,,,,,,,,
opera,,,,,feninine,culture,,,,,,,,,,
učebnice,,,,,feninine,object; studies,,,,,,,,,,
Vánoce,ano,A1,Christmas,noun,plural,time expressions; holidays and special days,onlyplural; Npl-Apl-Lpl," křesťanské svátky, které oslavují narození Ježíše Krista. Jsou 24., 25. a 26. prosince. ",Za chvíli budou *Vánoce*.,Na *Vánoce* pojedu domů. Už se těšíme na *Vánoce*.,Uvidíme se o *Vánocích*. Den po *Vánocích* poprvé sněžilo. ,Veselé Vánoce; o Vánocích ,-,https://csskell.sketchengine.co.uk//run.cgi/concordance?lpos=&query=v%C3%A1noce,https://prirucka.ujc.cas.cz/?slovo=v%C3%A1noce,Chybové v korpusu Veselé Vánoce jako nominativ. 
Veselé Vánoce,,,Merry Christmas,phrase,adjective + noun,holidays and special days,,,,,,,,https://csskell.sketchengine.co.uk//run.cgi/concordance?lpos=&query=vesel%C3%A9+v%C3%A1noce,,
o Vánocích,,,on Christmas,phrase,proposition + noun,holidays and special days,,,,,,,,https://csskell.sketchengine.co.uk//run.cgi/concordance?lpos=&query=o+v%C3%A1noc%C3%ADch,,
radost,,,,,feminine ,emotion ,,,,,,,,,,
svátek,,,,,maskuline,holidays and special days,,,,,,,,,,
makléřka,,,,,feminine ,people; jobs,,,,,,,,,,
makléř,,,,,maskuline,people; jobs,,,,,,,,,,
politik,,,,,maskuline,people; jobs; administration,,,,,,,,,,
politička,,,,,feminine ,people; jobs; administration,,,,,,,,,,
prezident,,,,,maskuline,people; jobs; administration,,,,,,,,,,
prezidentka,,,,,feminine ,people; jobs; administration,,,,,,,,,,
břicho ,,,,,neutrum,human body,,,,,,,,,,
Itálie,,,,,feminine ,localities; geography; proprium; travelling ,,,,,,,,,,
hospoda,,,,,feminine ,localities,,,,,,,,,,
bok?,,,,,?,,,,,,,,,,,
cukr,,,,,maskuline,food and drinks,,,,,,,,,,
mapa,,,,,feminine ,object; travelling ,,,,,,,,,,
Slovensko,,,,,neutrum,localities; geography; proprium; travelling ,,,,,,,,,,
sever,,,,,maskuline,,,,,,,,,,,
lednička,,,,,feminine ,,,,,,,,,,,
cigareta,,,,,feminine ,,,,,,,,,,,
řidič,,,,,maskuline,people; jobs; travelling  ,,,,,,,,,,
řidička,,,,,feminine ,people; jobs; travelling ,,,,,,,,,,
fotograf,,,,,maskuline,people; jobs,,,,,,,,,,
fotografka,,,,,feminine ,people; jobs,,,,,,,,,,
vrchní? ,,,,,maskuline,people; jobs,,,,,,,,,,
jméno,,,,,neutrum,basics,,,,,,,,,,
Pardubice,,,,,plural,localities; geography; proprium; travelling ,,,,,,,,,,
furniture,,,,,maskuline,housing; furniture,,,,,,,,,,
Rusko,,,,,neutrum,localities; geography; proprium; travelling ,,,,,,,,,,
drogerie,,,,,feminine ,localities,,,,,,,,,,
historie ,,,,,feminine ,studies ,,,,,,,,,,
dort,,,,,maskuline,food and drinks,,,,,,,,,,
špagety,,,,,plural,food and drinks,,,,,,,,,,
úkol,,,,,maskuline,studies ,,,,,,,,,,
ryba,,,,,feminine ,food and drinks,,,,,,,,,,
žízeň,,,,,feminine ,food and drinks,,,,,,,,,,
Vltava,,,,,feminine ,localities; geography; proprium; travelling ; nature,,,,,,,,,,
nálada,,,,,feminine ,emotion,,,,,,,,,,
majonéza,,,,,feminine ,food and drinks,,,,,,,,,,
letadlo,,,,,neutrum,travelling ,,,,,,,,,,
sešit,,,,,maskuline,object; studies,,,,,,,,,,
zaměstnání ,,,,,neutrum,jobs,,,,,,,,,,
román,,,,,maskuline,object; free time; culture,,,,,,,,,,
potvrzení,,,,,neutrum,documentation,,,,,,,,,,
schůzka,,,,,feminine ,jobs,,,,,,,,,,
dialog,,,,,maskuline,communication; studies,,,,,,,,,,
prášek,,,,,maskuline,health problems,,,,,,,,,,
dědeček,,,,,maskuline,people; family,,,,,,,,,,
známka,,,,,feminine ,studies ,,,,,,,,,,
koláč,,,,,maskuline,food and drinks; Czech Republic,,,,,,,,,,
nápad,,,,,maskuline,,,,,,,,,,,
nákup,,,,,maskuline,,,,,,,,,,,
ruka,,,,,feminine ,human body,,,,,,,,,,
konference,,,,,feminine ,localities; jobs; studies,,,,,,,,,,
vzkaz,,,,,maskuline,communication,,,,,,,,,,
Krkonoše,,,,,plural,localities; geography; proprium; travelling ; nature ,,,,,,,,,,
parkoviště,,,,,neutrum,localities; travelling  ,,,,,,,,,,
konec,,,,,maskuline,,,,,,,,,,,
přízemí,,,,,neutrum,housing,,,,,,,,,,
barva,,,,,feminine ,,,,,,,,,,,
Plzeň,,,,,maskuline,localities; geography; proprium; travelling  ,,,,,,,,,,
nástup,,,,,maskuline,travelling ,,,,,,,,,,
pracovní doba,,,,phrase,adjective + noun,jobs,,,,,,,,,,
obor,,,,,maskuline,studies,,,,,,,,,,
lékárna,,,,,feminine ,localities; health problems,,,,,,,,,,
topení,,,,,neutrum,housing,,,,,,,,,,
doklad,,,,,maskuline,communication,,,,,,,,,,
zpráva,,,,,feminine ,communication,,,,,,,,,,
školka,,,,,feminine ,localities; studies,,,,,,,,,,
papír,,,,,maskuline,object; studies; documents,,,,,,,,,,
kolega,,,,,maskuline,people; jobs,,,,,,,,,,
kolegyně,,,,,feminine ,people;jobs,,,,,,,,,,
inženýr,,,,,maskuline,people; jobs; studies,,,,,,,,,,
inženýrka,,,,,feminine ,people; jobs; studies,,,,,,,,,,
slovo,,,,,neutrum,communication,,,,,,,,,,
kopec,,,,,maskuline,localities; nature,,,,,,,,,,
Kolín,,,,,maskuline,localities; geography; proprium; travelling  ,,,,,,,,,,
deprese,,,,,feminine ,health problems,,,,,,,,,,
automat,,,,,maskuline,object,,,,,,,,,,
smůla,,,,,feminine ,emotion,,,,,,,,,,
džus,,,,,maskuline,food and drinks,,,,,,,,,,
salám,,,,,maskuline,food and drinks,,,,,,,,,,
hranolky,,,,,plural,food and drinks,,,,,,,,,,
řízek,,,,,maskuline,food and drinks;Czech Republic,,,,,,,,,,
minerálka,,,,,feminine ,food and drinks,,,,,,,,,,
otázka,,,,,feminine ,communication,,,,,,,,,,
Američan,,,,,maskuline,people,,,,,,,,,,
Američanka,,,,,feminine ,people,,,,,,,,,,
cizinka ,,,,,feminine ,people; travelling ,,,,,,,,,,
monitor,,,,,maskuline,object,,,,,,,,,,
zpoždění,,,,,neutrum,travelling ,,,,,,,,,,
redaktorka,,,,,feminine ,people; jobs,,,,,,,,,,
redaktor,,,,,maskuline,people; jobs,,,,,,,,,,
sportovec,,,,,maskuline,people; jobs; sport,,,,,,,,,,
sportovkyně,,,,,feminine ,people; jobs; sport,,,,,,,,,,
alkohol,,,,,maskuline,food and drinks,,,,,,,,,,
dieta,,,,,feminine ,food and drink; health problems,,,,,,,,,,
antibiotikum,,,,,neutrum,health problems,,,,,,,,,,
většina,,,,,?,,,,,,,,,,,
výstava,,,,,feminine ,localities; culture; free time,,,,,,,,,,
Řecko,,,,,neutrum,localities; geography; travelling ; proprium,,,,,,,,,,
Vietnam,,,,,maskuline,localities; geography; travelling ; proprium,,,,,,,,,,
sádra,,,,,feminine ,health problems,,,,,,,,,,
fyzika,,,,,feminine ,studies,,,,,,,,,,
poschodí,,,,,neutrum,housing ,,,,,,,,,,
strom,,,,,maskuline,nature,,,,,,,,,,
kalhoty,,,,,-,clothing,,,,,,,,,,
golf,,,,,maskuline,sport; free time,,,,,,,,,,
jablko ,,,,,neutrum,food and drinks,,,,,,,,,,
bunda,,,,,feminine ,clothing,,,,,,,,,,
host,,,,,maskuline,people,,,,,,,,,,
půlnoc,,,,,feminine ,time expressions,,,,,,,,,,
Labe,,,,,neutrum,localities; geography; travelling ; proprium; nature,,,,,,,,,,
programátor,,,,,maskuline,people; jobs,,,,,,,,,,
programátorka,,,,,feminine ,people; jobs,,,,,,,,,,
medicína,,,,,feminine ,studies; health problems,,,,,,,,,,
pozdrav,,,,,maskuline,,,,,,,,,,,
nabídka ,,,,,feminine ,,,,,,,,,,,
výhoda,,,,,feminine ,,,,,,,,,,,
sanitka,,,,,feminine ,travelling ; health problems,,,,,,,,,,
záda,,,,,plural,human body,,,,,,,,,,
nos,,,,,maskuline,human body,,,,,,,,,,
Florenc ,,,,,maskuline,localities; geography; travelling ; proprium,,,,,,,,,,
domácnost,,,,,feminine ,localities; housing,,,,,,,,,,
Tesco ,,,,,neutrum,localities; proprium,,velký supermarket,,,,,,,,"málo dokladů v SYNU, webový korpus"
patro,,,,,neutrum,,,,,,,,,,,
party,,,,,feminine ,,,,,,,,,,,
kaše,,,,,feminine ,food and drinks,,,,,,,,,,
Španělsko,,,,,neutrum,,,,,,,,,,,
zelí,,,,,neutrum,food and drinks,,,,,,,,,,
palačinka,,,,,feminine ,food and drinks,,,,,,,,,,
občanský průkaz,,,,,phrase,documents; communication; administration,,,,,,,,,,
studentský průkaz,,,,,phrase,documents; studies,,,,,,,,,,
sleva,,,,,feminine ,finance,,,,,,,,,,
pozvání,,,,,neutrum,,,,,,,,,,,
zájem,,,,,maskuline,,,,,,,,,,,
nádobí ,,,,,neutrum,object; housing,,,,,,,,,,
hypotéka,,A2,mortage,noun,feminine ,documents; housing; finance,,,,,,,,,,
Štědrý den,,A1,Christmas Eve,phrase,adjective + noun,holidays and special days,,,,,,,,,,